assets/accordion-custom.js	3483	241e881e29c64e3ad23423f16b23d77a
assets/anchored-popover.js	8667	39a932d1f4afaa3a2b0cb29bd49c0e95
assets/announcement-bar.js	2809	36e29e5d660e823c068596f03a9c23c7
assets/auto-close-details.js	593	b43336b12161ce9b1742f7907323e160
assets/base.css	100917	c7b4c1c4f11be3268038faf5410c915e
assets/blog-posts-list.js	289	564ae49090a7cb44a94999c68ca28ff0
assets/cart-discount.js	9144	00c73231598116a90907c3af876c2b7b
assets/cart-drawer.js	5251	aea6cb964c3bcc38c4f297fed92679a0
assets/cart-icon.js	4167	1939b0aff30fb84bb2b406d3fe30f1f6
assets/cart-note.js	2190	83efac45cc9c26d3092899a3f004d40d
assets/collection-links.js	6079	0b7bedf9f886e9f9b43de183d76da7d0
assets/comparison-slider.js	4487	cbad3e1ec1ead981058cd0972dd67d56
assets/component-cart-items.js	16405	cb86f18ab0dfa74f6437144c2e851104
assets/component-cart-quantity-selector.js	1475	c7d753e6ac16cf3129e48ac8304945dc
assets/component-quantity-selector.js	8962	d42713b24ff2b13bc7c80b138a0bae6b
assets/component.js	11406	834feeca91801d25741cf3615ce08f68
assets/copy-to-clipboard.js	742	49f0850481d5bc7a1bc798d49825ece9
assets/dialog.js	4410	b435152b36e4d3b5b6ad860a3ce5b430
assets/disclosures-summary-fit.js	3978	3a76c2da3062069c5b2a8f19ec9904af
assets/drag-zoom-wrapper.js	16156	a66f2f57d1067174bca2b5366794f4ec
assets/events.js	2981	e2026da246ee82e68e2c7a30f8968e4e
assets/facets.js	31917	be9d43f743d03cf4ecefd61569289373
assets/floating-panel.js	1839	87c74c2ebc952af8ea1f7faa1464452b
assets/fly-to-cart.js	2566	3bf08b479ba8020740c5e67bd1979d2f
assets/focus.js	3338	93cef08f7646c03390b98ca3fc207854
assets/gift-card-recipient-form.js	13980	c58a5f84d981238595321795a34b3405
assets/global.d.ts	2964	bf99e9ad63355125fce1564c8bb93e5f
assets/header-actions.js	2535	a793bcff12ac62cd390d03c26c4f2042
assets/header-drawer.js	5469	867d4e68d35fa5aed6e0f8ad22dd65c8
assets/header-menu.js	13824	2fbcd8a9398e35105b4f4cd4ea6c63cf
assets/header.js	10482	c307d4310b45506c962a3a8a0acbfc13
assets/icon-account.svg	430	1e855a77e052c31df6a5d22194edf694
assets/icon-add-to-cart.svg	566	0e09f334225e6a8aa3a5e96cea7b993c
assets/icon-arrow.svg	283	831f4e75081de201a6758bd34d45fd74
assets/icon-available.svg	618	c7158f81354c551e37c5f4f9f17df493
assets/icon-caret.svg	265	5bded8e71340ce25b38d10187a977ff7
assets/icon-cart.svg	503	e1f5aa72b798185e87f3be07a94a3770
assets/icon-checkmark-burst.svg	1730	9eb9d263753155260498c08644a9d433
assets/icon-checkmark.svg	459	1646af15d45cd9e5859b01d80165b143
assets/icon-chevron-left.svg	281	c472e27024b5c4d8f8bce49a7aac8209
assets/icon-chevron-right.svg	281	f1b9ea6a660c438e62a4cef28d005e5f
assets/icon-close.svg	667	1b2adb1c84dfde67b215a566e2274cac
assets/icon-delete.svg	773	dde7b45b21c4c2d2819c4ff3c1cbac7d
assets/icon-discount.svg	592	ea990ccb99e936cdde646f6562de08eb
assets/icon-double-chevron.svg	215	1917a728286096d88afbb26b279c712a
assets/icon-error.svg	648	c369491713254f68872e43e7889de942
assets/icon-external.svg	430	19e2558780266d6637429939c302a4ae
assets/icon-filter.svg	226	bea699b5cbc47b72d1537ace7cfae340
assets/icon-filters-close.svg	399	080e74e8f59a8e5bd14d39863fb75492
assets/icon-grid-default.svg	6937	0eb7421c035185e6fbf333e245091a57
assets/icon-grid-dense.svg	3146	203697fbe7b0c0b48ab82db1bf20bb84
assets/icon-info.svg	389	4c82e1dca7c2992fabe83f2b04e7e17a
assets/icon-inventory.svg	251	7ed9c605d7cfe070e8782c71bdc96ae2
assets/icon-menu.svg	341	d331a711063220dbe768034c39a0f6a3
assets/icon-minus.svg	235	a3f8d7735085ca1a83f087e76121717b
assets/icon-one-col-mobile.svg	243	9cc1c4909945839b8bed088bc67d8e41
assets/icon-orders.svg	670	5f86dad381b83b9f8afbbcccdb065774
assets/icon-pause.svg	345	fd8cf8622cf673bd1303a8bd1976c589
assets/icon-play.svg	386	2d5bc5f773c5dddad854c04f8156c98a
assets/icon-plus.svg	386	b3bae609a9c0ff912f741df742b15ee5
assets/icon-reset.svg	343	6cd93f497a974fb225c2456a285a0c55
assets/icon-search.svg	333	8ab51bfda98c32759048d3160a266ec7
assets/icon-shopify.svg	2675	5a15cd438f2fd1b20b28cd68f830fc65
assets/icon-unavailable.svg	825	03eba9e012e44e212c7703d07bbda6a3
assets/icon-warning.svg	539	ef29d51730e2cdf32c1e3e0d02437084
assets/jsconfig.json	345	450c4f13d26ea64c467b526969fe0a90
assets/jumbo-text.js	6996	ee78e17089874e28bb475faba9ece982
assets/layered-slideshow.js	18566	cb5bea68613383deba9ed03dbb8d9e27
assets/local-pickup.js	4397	07c4dac1d4fe9a3657c419c2c2c950f8
assets/localization.js	17545	5ea7b8d3b7ae06a719026d52d2cf0c61
assets/lp-baloo2-700-latin-ext.woff2	16124	9aa4daac5d2b62f5c9ab3d5f1d22cb10
assets/lp-baloo2-700-latin.woff2	19460	dcb8c7693ab90a565efa96398c190381
assets/lp-base.css	11163	457d2c1a3732c71dae3e00dc2e1fd00b
assets/lp-benefits-lifestyle.jpeg	198394	5b38b6813bb079cf3708ee4818654ffa
assets/lp-lifestyle-sachet.jpeg	184726	c9c408ae76debde7fdf489ddd7015d5a
assets/lp-product-buybox.jpeg	163886	8a7ebb8411c085330e358acc643fe97e
assets/lp-product-hero.jpeg	173386	102e263706c4a3d294d1e2f1458aa6b1
assets/lp-worksans-var-latin-ext.woff2	35776	1f8c41030121d16f9ecf9aa9bdadcaa3
assets/lp-worksans-var-latin.woff2	50524	4890688e64367257c794ab3ad38ce580
assets/lp.js	2306	62df4c4dcb32d28fe8a9e7dd9a9f9ca2
assets/marquee.js	7617	f877892dbd228aefa281f07ff8ab6d59
assets/media-gallery.js	2972	3e432f478f1776a606fc57fb2197017e
assets/media.js	6766	a290a3c21f2e7a22ff3628653e120ea8
assets/money-formatting.js	7249	a9c1d3504564a192ed1200ba196728c4
assets/morph.js	25159	8fb08fab55059553f56330444dfb2733
assets/overflow-list.css	1288	1cf842b1ac615414465b03cef1b4ab61
assets/overflow-list.js	11495	54f56aefcf501e7e103ad2414a0458bc
assets/page-view-event.js	562	5b2509093afc663c28929110b728a78c
assets/paginated-list-aspect-ratio.js	5419	da60f1118ea83c20921660241f1e2a67
assets/paginated-list.js	10825	1be3498d4d84a917732a9126c39921a2
assets/performance.js	1588	713cb2de96983008f8a722cef196a656
assets/popover-polyfill.js	25893	260275a9bc513a0b076d6644adff5e51
assets/predictive-search.js	14341	7762b5f22f78bd819b5176841e548371
assets/price-per-item.js	4595	14706b4d5229dc6f479c4e16a07a69cd
assets/product-card.js	21029	5dc8737ba88c4176ed0985d2a7ed7da3
assets/product-custom-property.js	1043	03ac05d7b3f0483956dabaf9569c3f9f
assets/product-form.js	31971	aae18c8e48c696fed3f4fcd87208ef4f
assets/product-hotspot.js	10580	1acc2b9a233eabbdb312b5f1b06843db
assets/product-inventory.js	1734	523618fbff60bcd61af7e60841522632
assets/product-price.js	3541	a321eacdcd059957c851ab7735cf0f24
assets/product-recommendations.js	4881	76700c518b031c12eed747379efdcfdd
assets/product-sku.js	2531	ca1a72c536af41e484b3608e1c2d489f
assets/qr-code-generator.js	45556	7f2a1555f006ebdc3a240d5a8d3eb6a3
assets/qr-code-image.js	1032	c85630daefa5fdd4f76cb0fabb2834b8
assets/quick-add.js	12671	11ed2a6299f24a2b33e80f064845252f
assets/quick-order-list.js	20940	fc46c898a795b3b47e3442d6a2b43d2c
assets/recently-viewed-products.js	1154	c9b3d78dee56c21afcf4e71a38d6fce4
assets/results-list.js	1968	e8ec8ab0b3dbf711699a47f871a7af6c
assets/rte-formatter.js	740	311f4bdf60b5f14da1576286f901b9e8
assets/scroll-container.js	5384	fa951fb4ce116d3de82ed40ea26c213c
assets/scrolling.js	12359	1b08ebf66067c23fae7237973061bfee
assets/search-page-input.js	1300	c3230e0c9e844cdb49c2478b41d870c3
assets/section-hydration.js	1289	84579a04e279c719e83ee93e3843ffb3
assets/section-renderer.js	9090	70db5bb8f8b3abf395dd995d205c5fbb
assets/show-more.js	3964	24aa393a67d6d6f950b12dd92a857556
assets/slideshow.js	28622	4df345c62dd7496bec67b4ec6cd45917
assets/standard-actions-override.js	1070	c522fac7904268366e0ae5a6eb2edf57
assets/standard-actions.d.ts	4312	90672b378531a71714ecc9174224c6dd
assets/standard-events.d.ts	29804	8f96fbf3ba80773a84f5efb93f7b2633
assets/sticky-add-to-cart.js	14274	2a3db0e52eb2187ec266e6329255729c
assets/template-giftcard.css	3120	f68040c6349dc0719c3702c57ab0d7f7
assets/theme-drawer.js	13373	4f6cd87cd58c358d6a8dcc66dfd696fe
assets/theme-editor.js	13393	430eba1f4918963e77e2d8a078033d45
assets/utilities.js	28892	61eebc5c039b9908932ed305601fc618
assets/variant-picker.js	20478	ebbb6c3c83477c6e8220dcff6013892a
assets/video-background.js	849	f307b002b76a76fe544bae5eb479f07b
assets/view-event-elements.d.ts	893	4ef622955559a78a7a23ae7f57415d87
assets/view-event-elements.js	518	8ff82cbd34993d786143f41c53b51005
assets/view-transitions.js	6195	0bfc13b7c2e4db9c08db5fa7a3386749
assets/volume-pricing-info.js	2301	14eced0a9298d8ad7616eeab938fb988
assets/volume-pricing.js	508	d7a310b5d1380edc88020562eeb0422e
assets/zoom-dialog.js	9371	b5a8867b3e888dd548323ff5857d03ae
blocks/accelerated-checkout.liquid	1243	5cf129008c5d52b7d41356cb55b3e6bb
blocks/accordion.liquid	7188	6f214e55135f307e75ca79928fb16cfe
blocks/add-to-cart.liquid	2544	d0d4a56ffcbc9db23793a6a7078975ea
blocks/button.liquid	3760	0b20126e4fa7e0d53793056c5abbc91c
blocks/buy-buttons.liquid	22156	f941513a8302fbd4bfcff28c980c4d18
blocks/collection-card.liquid	4483	64dd3e7fd6e7fed43847ab86b1994402
blocks/collection-title.liquid	8501	d2feba1f80b1d37b04f7ee9b633f07aa
blocks/comparison-slider.liquid	21194	63288a404614f6366ab3a7a488768816
blocks/contact-form-submit-button.liquid	3514	83c9d43ccbc38ccc680315a8e9a40cd5
blocks/contact-form.liquid	9201	18bbe608ef37e81b582a2c43607ec2c6
blocks/custom-liquid.liquid	412	ff3549a1c3293462c357c788b1d9fb6a
blocks/disclosures.liquid	17442	401b1fbf731eea8fa99ed884ef6cc53f
blocks/email-signup.liquid	21533	9487cfee2c1a75cf8a7747825244c698
blocks/featured-collection.liquid	524	9f74a2a84a9ea3105b7cec356a69b978
blocks/filters.liquid	43364	2cee737694d5a210da1301f4cc40b61a
blocks/follow-on-shop.liquid	1420	4b98f8847161b49e85d8fd1fb6af0492
blocks/footer-copyright.liquid	2334	6a5808cc8d090504b5b0a7fd49ff72b1
blocks/footer-policy-list.liquid	5315	6a06c00f313870519e9bd7dec6f6221d
blocks/group.liquid	11649	d6091edf9ef4cae255b1fba158d51686
blocks/icon.liquid	7430	36c242987b848b2337cc90f55d43cdc2
blocks/image.liquid	7597	fa72014a14447f9f3cc2484f85137d34
blocks/jumbo-text.liquid	3009	e0b691db85dc7324dce0516859fa0b53
blocks/logo.liquid	7365	5f431c05ac0de1fa45cf4fcd0c73010f
blocks/menu.liquid	8753	611585fbed0a372d8f382517ea1e363d
blocks/page-content.liquid	674	2891c6251675e12da2355e317360060c
blocks/page.liquid	3290	f109d6a6886187ce5f7967fc0c48dae6
blocks/payment-icons.liquid	2834	2db914a318b2053981bab436296c4073
blocks/popup-link.liquid	5742	b0dbc21a731dee7fbe2aee3133ac3c01
blocks/price.liquid	9758	dd2c637cccfefe3802c36d056bc665ba
blocks/product-card.liquid	7004	a1646380f185df4e0004f1d97f7110cc
blocks/product-custom-property.liquid	9808	85119ee31d6901785921831c4838ee04
blocks/product-description.liquid	8345	30c8ec9b147be0cc1d10d2d6dd3ecc3a
blocks/product-inventory.liquid	4956	696781184c1602ebd95e3734037fc942
blocks/product-recommendations.liquid	14669	21a52ff75d99a101f67f8f75a7bc3d88
blocks/product-title.liquid	8621	93c5763d29c57c033098ce36ca0a3e87
blocks/quantity.liquid	2630	728bfd581d02959f964c13a407835787
blocks/review.liquid	8210	52e65c4a3bf21a6525b7ca3d3ddbf692
blocks/sku.liquid	7843	f454b03b298d7408bb82bb2a559613b1
blocks/social-links.liquid	6665	86742abe84d26799261aed39d9e0ba90
blocks/spacer.liquid	4573	070cc735b154858e8493a377d44aa5ab
blocks/swatches.liquid	4380	1b00f4e2521bf4c0ec4e4f7637ff3426
blocks/text.liquid	8273	8de85933da7e65b4e328086e95f153de
blocks/variant-picker.liquid	5015	7cfee3eb533f010f576ed529008ab2c6
blocks/video.liquid	6285	2a59a7bf4607144d3e6f95f3e2e79f58
blocks/_accordion-row.liquid	7883	4a8f09cbd0dc4bdd3be155c863dd91d6
blocks/_announcement.liquid	7451	3e8fba04e564c5dea1a53142ddd6ba53
blocks/_blog-post-card.liquid	3270	dc694927d0f123f555bc778d25033865
blocks/_blog-post-content.liquid	845	d9ea1595c9be59ef41c9828afc85ed87
blocks/_blog-post-description.liquid	8443	e35dfeaa1da188402c277804d1f752a5
blocks/_blog-post-featured-image.liquid	7494	f68212f2b1a9a110d56a54083f773103
blocks/_blog-post-image.liquid	3346	f0947158b8511bb823aaf86a009c9544
blocks/_blog-post-info-text.liquid	4935	6a10cb1bdaeff7c8b7f08241b2c867fd
blocks/_blog-post-title.liquid	8717	50ea04b4d43f9adf990cf9d5fa31902f
blocks/_card.liquid	13936	cf80ee540299aec5b66c7430aa25344f
blocks/_carousel-content.liquid	6180	5a86d1f196ee545c3d6a2dea90dc2675
blocks/_cart-products.liquid	3730	b2391450c7acd9076a9dc1db6244c3f7
blocks/_cart-summary.liquid	6545	dfaec4788ba423486da11796c988022d
blocks/_cart-title.liquid	4430	37863233c3ae914951eaa4793a1b29e2
blocks/_collection-card-image.liquid	4003	7191a02692c1f6ab6680a65c795ca1ad
blocks/_collection-card.liquid	3968	9799156808f92811d96659c6dc977d2c
blocks/_collection-image.liquid	4031	c387423c09bd5a316d79db972e40b143
blocks/_collection-info.liquid	3983	e1e34784756e9bbda3115a1a9ac4452a
blocks/_collection-link.liquid	4465	52299082f7964a52b46ec29ee9dea61d
blocks/_content-without-appearance.liquid	2061	61c6d39aaf0f8762172cecad0d1ad36c
blocks/_content.liquid	2857	59a2b4326e0d8516eb620129af5e5159
blocks/_divider.liquid	1672	d5fcfa7610089a201a106caaf5fa3c4d
blocks/_featured-blog-posts-card.liquid	7887	4f4118a84519fe78cd84d962c948d486
blocks/_featured-blog-posts-image.liquid	2720	e1a7d3be7c21a4fcc8cab9eaeb1d88d1
blocks/_featured-blog-posts-title.liquid	8499	f39c9da1469378d579d10c03b343065c
blocks/_featured-product-gallery.liquid	1830	52dcb8e7b30dbe0c63bd3ed16c78caba
blocks/_featured-product-information-carousel.liquid	6111	9307c1ead4f2f0a34de08c7b6f4eff90
blocks/_featured-product-price.liquid	2662	30861174f55f6ec4e9b9af872757aa33
blocks/_featured-product.liquid	1391	46038938ca370446b159d1c9b7ad0036
blocks/_footer-social-icons.liquid	530	6783574d4a2754761aefe441de798636
blocks/_header-logo.liquid	5772	e09a0cc322ec23d4af10ad34b79cc8b5
blocks/_header-menu.liquid	26982	98d2cc8ce6d681768cf8cfb88d7824b2
blocks/_heading.liquid	6891	e0ed1ca47ddb883f99ba31db24e89a54
blocks/_hotspot-product.liquid	3413	ec8838fc084a08057b9d2e5888ab3cfa
blocks/_image.liquid	4593	7fcf25e23c348583f17dd2c3137ac31c
blocks/_inline-collection-title.liquid	3941	401ddb21bf5e0c2a08d43f2a8b1718c5
blocks/_inline-text.liquid	3685	fd23fc02bf72884da644b8c31f550446
blocks/_layered-slide.liquid	10608	2c44ffd70aaec1e173da081d27eb12f5
blocks/_marquee.liquid	4750	e7a57b298208278e91e07a61ec0a5c8d
blocks/_media-without-appearance.liquid	2340	d38911df7ab2caf00a884614b735b7dd
blocks/_product-card-gallery.liquid	4743	d63c5388947ae72c917bc32ff06dd893
blocks/_product-card-group.liquid	11708	a8752209e382297366b472e144f050ac
blocks/_product-card.liquid	3877	41a5c03534480a99b3bee5d88fe8902f
blocks/_product-details.liquid	17927	6d9876eba55eb4b8b2fcbea882167e9c
blocks/_product-list-button.liquid	4050	028d3c15e79bd16f7f1ab3e2292fd3da
blocks/_product-list-content.liquid	10249	f69b2db4d7c29b28a78bb8054f1adc13
blocks/_product-list-text.liquid	8296	4dcf2fb8c38d3c65e7ca085539742ec6
blocks/_product-media-gallery.liquid	7816	89ff49e1a2a023a1829882c1d7dd15a3
blocks/_search-input.liquid	7955	51b3275bb73d540fb52b93079782f03b
blocks/_slide.liquid	13664	27c900ea1145ee32056941e76476d509
blocks/_social-link.liquid	3039	c8a1fb6f19cddeb0f37cda2c0c0db0fa
config/settings_data.json	3911	755d2ebed79851711c979731d37587ac
config/settings_schema.json	49893	24d9ceaa2fa50ab2d5d7ebe07b19e86b
layout/lp.liquid	2624	e6cf9b645818310779bf87ca57568d7d
layout/password.liquid	4134	55aa355b370c487634b3c0a70af6eb95
layout/theme.liquid	5258	9590416236ffe6b81b9ed6ccb13ce031
locales/bg.json	22293	5e923763c66768a8cf48a001fcc570f1
locales/cs.json	17373	a702c72344420ba00da9f60f36f4ed47
locales/cs.schema.json	52380	e9fe66a1e2b2daff8133ed4d004c80db
locales/da.json	15791	8cc69d666a2d0d07ce34d49938a36f86
locales/da.schema.json	50157	7f6c8fa86d4c5b36871cfc4533cb1c48
locales/de.json	16585	622c409595b3a99aa20cf6142475d450
locales/de.schema.json	51985	daec6914d8365dd889f2ea5a5bf80ad2
locales/el.json	23847	a6e511680bbf8ef67cd22c28db09684c
locales/en.default.json	16908	45761d34c450dffa78d4fa8b47ec8b1d
locales/en.default.schema.json	53243	c78ec46894200717a3081d9d0ae298e7
locales/es.json	17513	31bdafa53bd5e5a72ff898f60c39dfe6
locales/es.schema.json	53955	83346bcbfcc9dfaa0b077fedbccb37f6
locales/fi.json	16217	4685bc5dc55c2de1359ae593d909e0cd
locales/fi.schema.json	51057	8827813b3a4f38c7dded06714a64f36b
locales/fr.json	17644	2e9b1f0f30b345759d1a5e0c77487e8a
locales/fr.schema.json	54363	1d71f77c93b3422b09295f2cb4481567
locales/hr.json	17110	4cfcd011901ea8e221bbd4033ff9def1
locales/hu.json	17676	9ca408bf9e73d017016c65dc6a209f9c
locales/id.json	15896	6710d3f05972d26aaa29a2fb3842159f
locales/it.json	16959	d06efba259a6b9abfc352b41eeeb85de
locales/it.schema.json	54051	9686bdf47e91c047c14c8e9da2a2875f
locales/ja.json	18465	856c80a57e5f8cc254a4007cc61503b1
locales/ja.schema.json	56749	5f010fe23aa8e5aac099eafc7612f9c5
locales/ko.json	16793	6911b253d7ae2dbf4e4a2351e311695c
locales/ko.schema.json	52061	2ac4eab4dcd31de3923c2303eb57c58c
locales/lt.json	18063	04ddb5056b164fb3f6ffd8655dd570fc
locales/nb.json	15685	c01fbbfa67bca7b2cf84dd5f3946839c
locales/nb.schema.json	49977	0ea2aa3119c8697490ef915c504e50d9
locales/nl.json	16724	7cdf089b68331c9b2413888ab0f946d0
locales/nl.schema.json	50564	bc6c0811ec310bc2a396de223a5075b0
locales/pl.json	17361	daa84a688637a1110b0fad6a9cb4ed81
locales/pl.schema.json	52951	163eac7268e7fff97f4940e19fd5ec17
locales/pt-BR.json	16874	bc12bbdffc635446bee2a9b1c5b2b1e0
locales/pt-BR.schema.json	52498	4fcbc72880e389fb74db4021f8280394
locales/pt-PT.json	17294	5c83f07614c95e060eda6bcc5f762bb3
locales/pt-PT.schema.json	54013	64bd731d51846d11ae6eb04521f97948
locales/ro.json	17547	f9a498644a31dd0901b654ce7128165c
locales/ru.json	23331	be63b2477f72bb2a4b09792094032200
locales/sk.json	17387	8fb710e6e3907d3116c5ca08916595b8
locales/sl.json	17401	32924b7bffb03c09ab246a46f2f13c7b
locales/sv.json	15962	e7aea9e31e6fefd1f4e2eca0b2d334d2
locales/sv.schema.json	49992	60127c4e6e52a1ca9e9cefb16ba2a814
locales/th.json	25651	56145760928de8801ca0457624432278
locales/th.schema.json	84201	89e44b4172df6243e608a405c251f98a
locales/tr.json	16678	72500857063b439242aee5142b212cdc
locales/tr.schema.json	52006	c461787c3e98eb0a397b1a1e0479c79f
locales/vi.json	18271	716c596cf790d0fc5a315b6178d98a58
locales/zh-CN.json	15242	792045533519079fb300e3771ca9ffe6
locales/zh-CN.schema.json	47482	708c88ea03c51e74387da0dfc4c6427a
locales/zh-TW.json	15426	2b2a13d66811a10ec9f2bfcc4a8787fb
locales/zh-TW.schema.json	47428	ea45574346d62b4625c6efa96906b9dd
sections/carousel.liquid	9928	b1086d54741b7643ef0462237502d6b5
sections/cart-drawer-section.liquid	212	9f42c443489b580e8a3a86b9e2e197c7
sections/collection-links.liquid	8871	6d4f78e13b2d8249de9fdc6d1834917f
sections/collection-list.liquid	26070	558525a4a66d429ef01efb6f79a780cf
sections/custom-liquid.liquid	1908	f860a17415890515311b99a9bd3a268e
sections/divider.liquid	3485	3d8120edb4275f80b353cb8c8dd11206
sections/featured-blog-posts.liquid	13423	8601e19d9751fcab5fa55e00fbffa1f9
sections/featured-product-information.liquid	5997	aff3a1de4ad72b5133d0c40ab6cafc94
sections/featured-product.liquid	5794	ed39fd363fc1e48ddac6ee4fccdf1405
sections/footer-group.json	6555	a2016c684e56dcfd0052943111f92d08
sections/footer-utilities.liquid	5006	8025e01279ccd3642bbc6b3bc8c54265
sections/footer.liquid	6255	7fcf2ac03a9c89427dfb7c774f40fcc3
sections/gomu-buybox.liquid	27893	8f8db7d567dc8b6d7a236031f99be07a
sections/gomu-compare.liquid	4492	958b94140d0c22f1d38a9e5ebe11633d
sections/gomu-cta.liquid	3105	7431a0b00cc6b94ab7e2f31c5ca28add
sections/gomu-faq.liquid	3317	0d4678f387d5ceb6ea04d368936eaba3
sections/gomu-hero.liquid	5634	571a457d449c151899ef05ce24c7b1cb
sections/gomu-inside.liquid	6112	2ed58c528dda43a8bd7711cd59b4ebc1
sections/gomu-marquee.liquid	2138	8ef27e7176ece1e439465ea5388619bd
sections/gomu-timeline.liquid	3749	9222955a6ec21b83fff32511d0ca48bb
sections/gomu-value-cards.liquid	2990	0c91cea9afc9f93c9acfa7889e6ecad9
sections/header-announcements.liquid	5211	71aa108b1783a02d49608239fdcb513a
sections/header-group.json	3777	046ad05d0701b954d5a8eb585b183e0b
sections/header.liquid	54323	65410bd6be7c4aff03242f17ecb690e1
sections/hero.liquid	44418	3c0b0177fd07059649ce60cbd8aaa204
sections/layered-slideshow.liquid	15329	8ec754a2f8f3042d8f165c6ccf99faad
sections/logo.liquid	8730	966b501d0ee380f1e168f48a771d07ab
sections/lp-announcement.liquid	1943	24161fd4daeff55e613564f09542f5d8
sections/lp-buy-box.liquid	23614	4896e3502f7b5d9fe232ac5ef280bced
sections/lp-comparison.liquid	7057	3d95624debacd486f0a15ae4a402756d
sections/lp-faq.liquid	7472	91d5ff683d8bf5ac5f91627d35515a25
sections/lp-footer.liquid	7285	c9503c5642fe8f51aebd976986165496
sections/lp-hero.liquid	7375	961b9da6a09c9b7e5940ee64cd7edf42
sections/lp-reasons.liquid	5555	88398addd248020fe06a4465d82843d3
sections/lp-stats.liquid	4252	ab1eb580668c9ad9091c5dfaf0e61657
sections/lp-sticky-cta.liquid	1990	118acfdd61a2e87eb470244a3da260f4
sections/lp-testimonials.liquid	5618	1ac4d5dccee10eace660a15b9bd6f059
sections/lp-timeline.liquid	5835	9ee301ed46d2be8168a7ecab9b1f15e9
sections/lp-trust-grid.liquid	4766	029a50dc6f79003ee620226aec3cbdf9
sections/main-404.liquid	4306	33202c7d11db7d95c26b38de507b9f0d
sections/main-blog-post.liquid	4664	8750fdadfa316b4dafc1b742ab74e0c4
sections/main-blog.liquid	5781	6b1fada57c75fdd76aa5766dc02eb79a
sections/main-cart.liquid	5547	e75c39a766e55bb841213b3a63c3c8b7
sections/main-collection-list.liquid	7845	2966e0072a47f9375c5751b2ea821a88
sections/main-collection.liquid	7089	f8c2f2743f39a64cdfaff529ef78dd96
sections/main-page.liquid	2186	0c217bd3bbb0d1be7d6ee85fd3668337
sections/marquee.liquid	4422	2e2406fcc06ff42cc00d338eb4f594b0
sections/media-with-content.liquid	12801	20ad0f1dd3d7d7712148047d5e607fc8
sections/password-footer.liquid	2314	b6bd4b69c0a2450477040da43f3e8108
sections/password.liquid	8142	2860e255321e21854b8c51518fb29a75
sections/predictive-search-empty.liquid	290	fb3b2c70237c87004b88fc68d1103155
sections/predictive-search.liquid	6483	79aa617c9232dcb93941a6d8d80c2e15
sections/product-hotspots.liquid	19679	3efb6e5b8db3314a8e5f416a075cdf1c
sections/product-information.liquid	12537	909649cb35777c1e343491d80a8128a3
sections/product-list.liquid	26680	15521ae8fbed587446acef5f8534d613
sections/product-recommendations.liquid	15918	0d61a9909767e46b775de7cb8dd8d935
sections/quick-order-list.liquid	37794	347a0a796fe2905864e94ea76bfb4e1d
sections/search-header.liquid	2192	c71fcd1130839f28955ef26e70088339
sections/search-results.liquid	6732	10baaad7cdf07cafe93f26fc82b5116c
sections/section-rendering-product-card.liquid	2459	e72fdaee2d403f3b6a70e43c77587929
sections/section.liquid	54160	d18bfa2b959ca1e9c558a5ad0c863129
sections/slideshow.liquid	16561	da00b7d1a684d27f3d03aadeed56a180
sections/_blocks.liquid	10429	719bafc39009b6bff7d9dabaad9da861
snippets/accordion-custom-component.liquid	3612	6164c0de2fec3e5f4cb116d7aba8c696
snippets/accordion-styles.liquid	2037	a275664a3b9e8efab56e4150a89fe845
snippets/add-to-cart-button.liquid	2510	7c501044796b2515fbf0efd2b7ab9de8
snippets/background-media.liquid	4749	5759ffa11cde00027d42bc332c878055
snippets/bento-grid.liquid	5027	24a9c789775237682fa9a8aca72044c6
snippets/blog-comment-form.liquid	5982	f817281d5f38d81c6eb2d0ddff560e3a
snippets/border-override.liquid	490	7163484869f9179611ead13ead16bd09
snippets/brightness-opacities.liquid	1021	7a956c2d35174c3294606dbfcb38e60f
snippets/button-custom-styles.liquid	2674	729acd4774fa7cac866c0654274119c8
snippets/button.liquid	840	80c54884187607f9e01f3ed7530937c4
snippets/buy-buttons-styles.liquid	7126	1dd2dac048384d0e8d1c7bbe859af612
snippets/card-gallery.liquid	14612	94cfa288f42b4dcf68bf739dd397224b
snippets/cart-bubble.liquid	2212	2525d01fd5d70782d8cc869738778921
snippets/cart-disclosure-tooltip.liquid	19838	573d355d3eeaefab6e9c5441a239cd5f
snippets/cart-drawer.liquid	7894	d656b1f998a9d9eb9739df142037b359
snippets/cart-items-component.liquid	2379	66d5b84f4e673d41b7ce8e863ff1167d
snippets/cart-products.liquid	31847	7ce225206eca878d9cccf294b44401ab
snippets/cart-summary.liquid	18323	61fd9f25ebea25f58fbc8102bb834e4d
snippets/chat-drawer.liquid	4751	0474ee8ad6e9f68ed51291f337cfa125
snippets/checkbox.liquid	1691	93494d41297de8aa9be1e3391e7b5ddd
snippets/collection-card.liquid	4994	77dc5c345def4fe2942f07c9f66f2234
snippets/color-palette.liquid	10635	5e6a78f405de5e808db2b442a2e52bda
snippets/contrast-override.liquid	8454	7e9411582ba1c28431df1ab85a93121e
snippets/divider.liquid	2386	b0909285fed412b6b38676d2718aef77
snippets/editorial-blog-grid.liquid	3078	53b34706bb2e3ac75a12b18be783c14c
snippets/editorial-collection-grid.liquid	2934	22d25f31eb46b35273f33b64e2ed6834
snippets/editorial-product-grid.liquid	3225	feeb74af6495e72f0468a17bd94f6f61
snippets/filter-remove-buttons.liquid	4494	ecbef65ba8b7c53617f6fa4516b89146
snippets/fonts.liquid	726	2cd0a8aafb82cd2377799df7f1eebd6b
snippets/format-price.liquid	1003	8240542d7c4656f2b53456522d5c21b8
snippets/gap-style.liquid	927	183f35396f4b7fe54eceecc8270271bd
snippets/gift-card-recipient-button-custom-styles.liquid	2934	eae5dc2b8885e89afd1126d86f76408d
snippets/gift-card-recipient-form-styles.liquid	5890	1dbad952c620b636ffbccc48abe46935
snippets/gift-card-recipient-form.liquid	7747	a8d259df9c3fd11882ce7a7f467bd55e
snippets/gomu-base.liquid	2054	73869ae03cadcc28156938a080a71bf1
snippets/grid-density-controls.liquid	5735	5463c82d0080942988a48e14f687f939
snippets/group.liquid	3126	fa461ecee498323636a4195975a50058
snippets/header-actions.liquid	10025	0f4fc3bec44762ea48ecb519afd2005b
snippets/header-drawer.liquid	57451	fc55096b00ff1e7b95543656a905f2c4
snippets/header-row.liquid	2962	585d2adb5f70a0eead98502639af1a31
snippets/icon-or-image.liquid	1396	b812a996f71059b206718dae4edddbb8
snippets/icon.liquid	133281	bae5a7489642235f437f8072be3b7c56
snippets/image.liquid	1523	e6e159595a30e79d5a6177a72a28f544
snippets/input-custom-styles.liquid	1858	e4695ee314c2bb399701539703d59733
snippets/jumbo-text.liquid	5213	b62622e73855bc600492a8eedfb5c712
snippets/layout-panel-style.liquid	1186	f848fa18ac93d053be9a93faa65f0562
snippets/link-featured-image.liquid	1558	d4fcae26294d36f21e1fe844b85e65c0
snippets/list-filter.liquid	30275	956d9ebd39e6a275d362bd4978e81c50
snippets/localization-form.liquid	17297	ffb09cf44a40c9efd69c869272a0470d
snippets/lp-icon.liquid	4124	9b3ed1b7c02698c542a060503ad2bb87
snippets/lp-stars.liquid	1098	60fdc65e573be51925f9f0fe44cbe7d3
snippets/media.liquid	3531	6955c25fee6138974a3d7f7fe2c2e073
snippets/mega-menu-list.liquid	14004	08f67f8291b82b678ef431563b4686b7
snippets/menu-font-styles.liquid	1173	4b7cf5feb174bf9ac1324000c1ddb283
snippets/meta-tags.liquid	2689	9373d964b98dbb595da2bd46ffb01d8d
snippets/overflow-list.liquid	1970	c136517f488a102a20acda832c064513
snippets/overlay.liquid	1360	72cac4e3a191df0ca4dfc011c097135d
snippets/pagination-controls.liquid	11661	a2be9e8a43f93b6de2a3ebecba3adcc5
snippets/password-layout-styles.liquid	2170	9a77fdaefd072759b38621cc9403cee0
snippets/predictive-search-empty-state.liquid	1670	b09b2c0b2de7eafd0f5a8db85547f022
snippets/predictive-search-products-list.liquid	3768	a6bf88f90e1d9e30eb9a14c31a4f7e6e
snippets/predictive-search-resource-carousel.liquid	1596	25b94f0cb923a7adcea358d7815750e5
snippets/predictive-search-styles.liquid	17061	40e2c733fb489d59e7d61de4d5fe4f22
snippets/price-filter.liquid	8378	83b3c828db3d35e26e7a3265bf1821b7
snippets/price.liquid	5156	498290dec5b08e6b5d1a32f41b3e6f9d
snippets/product-badges-styles.liquid	1503	038122025860d3e6c88e4c35111206be
snippets/product-card.liquid	4940	6be2d8aace9da97ab66a7215c3fa42ef
snippets/product-grid.liquid	9373	4241c8721d9c2b6fe5ab1378a62c803a
snippets/product-information-content.liquid	9503	d4928b11ab67864c539cac20c1965342
snippets/product-media-gallery-content-styles.liquid	2014	0801fadb0414becce611374e7f8beb96
snippets/product-media-gallery-content.liquid	36780	a205efd54cb02f5dc1798d53bff95a91
snippets/product-media.liquid	7186	a8a5c80539d618abaa60bd4ada44141a
snippets/quantity-selector.liquid	6816	e05a08439100fea1f3a566af232bcdd4
snippets/quick-add-modal-styles.liquid	16376	ae246837aad4ffde009d48c85490ce3a
snippets/quick-add-modal.liquid	815	1a925ade48819ac4ccd9a4bed31c79a8
snippets/quick-add-styles.liquid	5156	c54faab1229495981b8de127c5aecc90
snippets/quick-add.liquid	4065	4a7b73ad8988cb0373883a6b7afa352f
snippets/resolve-custom-hover.liquid	2786	c1fa43ddae4322073c1cfca65f044a5c
snippets/resource-card.liquid	11078	a42a961d30c3554cba885afe6f91200f
snippets/resource-image.liquid	6929	526d04b4d09cc685d0ca79c288f99869
snippets/resource-list-carousel.liquid	3938	bbd2e6a863e72fef15d86453efeb018e
snippets/resource-list-styles.liquid	2709	ccd7b3fd3caf943f89da49a0770f844a
snippets/resource-list.liquid	6386	0265ba997309b9626f02da13b10a8b7b
snippets/scripts.liquid	8546	5451d734e9c3ed530ba8f650809f5753
snippets/search-modal.liquid	14902	ffce8fc9ce677ace87988bc0c2ca1831
snippets/search.liquid	2301	b46551a97ccd3d59867591fd9e51782f
snippets/section.liquid	3268	934b2c812a65cb462ef62c0d5f48a5eb
snippets/size-style.liquid	1144	c0fbd03d4efa1c4436ef53bf7e205d41
snippets/skip-to-content-link.liquid	1006	35ea469d93abcb2885803836b8f7814e
snippets/sku.liquid	386	f37550b1a33d72e7b6f332294767ee49
snippets/slideshow-arrow.liquid	2592	54ced2fcb94f059fe530363af9e615fa
snippets/slideshow-arrows.liquid	2257	7ad3f957e4564d18ee9418db74d6780c
snippets/slideshow-controls.liquid	16119	6e4bd3416051b3402bc5814e6cfe21bd
snippets/slideshow-slide.liquid	2612	6aa233e5c095b441f4f1cfa7778a37da
snippets/slideshow-styles.liquid	4968	fb8fc904ae8e7ab3d7bd09e9d5a3f364
snippets/slideshow.liquid	4842	c85fb0ceb4f7b9d5e59d9f26ff662365
snippets/sorting.liquid	10100	3df88ca76781e8bf158179a413b61090
snippets/spacing-padding.liquid	576	4968ba0834938346c7d60b4565367086
snippets/spacing-style.liquid	927	786f80211926b582b2761a7658089c9a
snippets/strikethrough-variant.liquid	648	8b2c63c020bf0d1ceabcfbd69a321428
snippets/stylesheets.liquid	126	225482ed969debae3891c08113a254be
snippets/submenu-font-styles.liquid	2634	4f714050ef9801c55854b02f2759ccf8
snippets/swatch.liquid	1925	0a58fdd65cddb87d312c714c5204f8a8
snippets/tax-info.liquid	3565	35280b09225478d2c0e61856166fe863
snippets/text-component-shimmer-styles.liquid	1594	c9305d7a7410104d906dcde2bb073d39
snippets/text.liquid	6439	87c9c81a6f436a33008fd042d8abc992
snippets/theme-drawer-header.liquid	1136	033316b26c556ac2bed04fb5bb17cc61
snippets/theme-drawer-styles.liquid	5553	69f0e6d0cf9f0f6ddc5e37e401cc3e52
snippets/theme-drawer.liquid	4924	003a4c2e15b5e2ee147c87ed3bac2293
snippets/theme-editor.liquid	95	41f2f32fb706a477465ee1a6f3a662e2
snippets/theme-styles-variables.liquid	37159	6e95dd4390b96f40b5d507126a6ca048
snippets/typography-style.liquid	3148	8eabb9e03295dd257ac1e8257c0540b0
snippets/unit-price.liquid	625	38888529abf14523adea7cba889b03da
snippets/util-autofill-img-size-attr.liquid	2219	203693e6ff7bc1207bd9ded0b52d877d
snippets/util-mega-menu-img-sizes-attr.liquid	3352	3f28cdbf257160e748c4a309df5e9f43
snippets/util-palette-hover-shift.liquid	1095	36c87ba028a2b4d000a9a755caedf7d9
snippets/util-product-grid-card-size.liquid	1432	1163abe791719bdb1a88f8d5aa46a380
snippets/util-product-media-sizes-attr.liquid	6980	727e3fef09c35eccfbf1276a86ee128c
snippets/variant-button-custom-styles.liquid	3825	65f9fc9328bacb965033582c742edab1
snippets/variant-main-picker.liquid	11651	f62b6e4509fd69514da258551f5a41ff
snippets/variant-picker-styles.liquid	3001	304d41c745a6f7c168dc9b1ba209cfb1
snippets/variant-swatches.liquid	8461	7466e6a3d2743f2fb4068505e56538c4
snippets/video.liquid	7602	d4c7f9e404a09054b0eca6c70a72929d
snippets/volume-pricing-info.liquid	10441	8c934eaafad57fcf29ea84838861b6aa
templates/404.json	8902	e38e40d58e5db717333c9e18cf52c5ca
templates/article.json	2811	f3c499d6f7977c9a68ade5e8fad9f042
templates/blog.json	3292	2e3cc49c9e5342357da06037ca613b7f
templates/cart.json	8384	1b4f4b3f31ec493c302f57edde9eefba
templates/collection.json	7208	c1325e111c5a98771c39efd052f38f34
templates/gift_card.liquid	6455	cb04d5ba1c0cb6296684ba9857cd4c6a
templates/index.json	11214	8d71eeb66e298c1ad6f8c9dd63613701
templates/list-collections.json	5566	65661a8e9821d3bb3ed61d388c14660e
templates/page.contact.json	4432	976f2274f751333fd1a074b2873e91ac
templates/page.json	1682	46faefb3bfdb13203840de8fcaca6de1
templates/page.lp-all-in-one.json	8887	a40562e59251b101c5a26dce54937320
templates/page.lp-digestion.json	8760	99549e0856ee28ff49c65ba3092220b4
templates/page.lp-pills.json	8801	e59636e081434a20febc469020108f6f
templates/password.json	4474	8c6464c7bebafb81ed5620417cb62dab
templates/product.json	7498	7ac0f5a5afe7e19bebebb805eb3cb6a7
templates/search.json	5714	34908f433068ff84b1ccf742b5bbebaa
